{
  "scenes": {
    "Root Scene": {
      "shape": [
        {
          "shape": "box",
          "halfExtents": {
            "x": 0.12,
            "y": 0.08,
            "z": 0.16
          },
          "offset": {
            "x": 0,
            "y": 0.052671334114334445,
            "z": 0.01001389278835843
          },
          "orientation": {
            "x": 0,
            "y": 0,
            "z": 0,
            "w": 1
          }
        },
        {
          "shape": "sphere",
          "radius": 0.05,
          "offset": {
            "x": 0,
            "y": 0.1287570519589527,
            "z": 0.033095376412929145
          },
          "orientation": {
            "x": 0,
            "y": 0,
            "z": 0,
            "w": 1
          }
        },
        {
          "shape": "cylinder",
          "radiusTop": 0.02,
          "radiusBottom": 0.02,
          "height": 0.030000000000000013,
          "numSegments": 8,
          "offset": {
            "x": 0,
            "y": 0.12657048237702667,
            "z": 0.09010837508332667
          },
          "orientation": {
            "x": 0.7071067811865476,
            "y": 0,
            "z": 0,
            "w": 0.7071067811865475
          }
        }
      ]
    }
  }
}
